,Edad,Nacionalidad ,Sexo
0,5 AÑOS ,HONDURAS ,MASCULINO 
1,13 AÑOS ,VENEZUELA ,MASCULINO 
2,28 AÑOS ,EL SALVADOR ,MASCULINO 
3,20 AÑOS ,HONDURAS ,FEMENINO
4,31 AÑOS ,HONDURAS ,MASCULINO 
5,38 AÑOS ,HAITIANA ,MASCULINO
6,31 AÑOS ,HAITIANA ,MASCULINO 
7,37 AÑOS ,COLOMBIANA,MASCULINO 
8,48 AÑOS ,HONDURAS ,MASCULINO 
9,41 AÑOS ,VENEZUELA ,MASCULINO 
10,8 AÑOS ,EL SALVADOR ,MASCULINO 
11,,HONDURAS ,MASCULINO 
12,36 AÑOS ,Venezolana,MASCULINO
13,59,Cubana,Hombre
14,20 años ,GUATEMALA ,FEMENINO 
15,18 años ,GUATEMALA ,FEMENINO 
16,33 AÑOS ,VENEZUELA ,FEMENINO 
17,33 AÑOS ,Venezuela ,FEMENINO 
18,38 AÑOS ,GHANA ,MASCULINO 
19,14 AÑOS ,COLOMBIANA,FEMENINO
20,14 AÑOS ,VENEZUELA ,FEMENINO 
21,14 AÑOS ,Venezuela ,FEMENINO 
22,43 AÑOS ,COLOMBIANA,MASCULINO 
23,25 AÑOS ,CUBANA,MASCULINO
24,4 AÑOS ,VENEZUELA ,FEMENINO 
25,4 AÑOS ,Venezuela ,FEMENINO 
26,9 AÑOS ,VENEZUELA,FEMENINO
27,48,Cubana,Mujer
28,32 AÑOS ,GUATEMALA ,MASCULINO 
29,37,Hondureña,Hombre
30,15,Hondureña,Hombre
31,11,Hondureña,Mujer
32,7,Hondureña,Hombre
33,37,Haitiana,Mujer
34,35,Haitiana,Hombre
35,7,Brasileña,Hombre
36,5,Brasileña,Hombre
37,,HONDURAS,MASCULINO
38,26 AÑOS ,VENEZUELA ,MASCULINO
39,21 AÑOS ,VENEZUELA ,FEMENINO
40,58 AÑOS ,HAITIANA ,MASCULINO 
41,0,Mexicana,Hombre
42,33,Haitiana,Hombre
43,14 AÑOS ,EL SALVADOR ,FEMENINO
44,34 AÑOS ,HONDURAS ,MASCULINO
45,11,Hondureña,Hombre
46,7,Hondureña,Hombre
47,2,Hondureña,Hombre
48,36,Hondureña,Hombre
49,49 AÑOS ,VENEZOLANA ,MASCULINO 
50,31 AÑOS ,HONDUREÑA ,MASCULINO 
51,12 AÑOS ,VENEZUELA ,MASCULINO 
52,2,Chilena,Hombre
53,41,Haitiana,Hombre
54,36,Venezolana,Hombre
55,25 AÑOS ,HONDUREÑO ,MASCULINO 
56,34,Cubana,Hombre
57,24,Cubana,Hombre
58,48,Cubana,
59,31 AÑOS ,VENEZUELA ,MASCULINO
60,15,Salvadoreña,Hombre
61,17,Salvadoreña,Hombre
62,34,Salvadoreña,Mujer
63,12,Salvadoreña,Hombre
64,32 AÑOS ,GHANA ,FEMENINO 
65,1 AÑOS ,ECUATORIANA ,FEMENINO 
66,1 AÑOS ,Venezuela ,FEMENINO 
67,29 AÑOS ,VENEZUELA ,FEMENINO
68,33 AÑOS ,MEXICANA ,FEMENINO 
69,30 años ,ANGOLA ,FEMENINO 
70,36 AÑOS ,VENEZUELA ,MASCULINO 
71,1 AÑO Y 6 MES,EE.UU,MASCULINO
72,25 AÑOS ,VENEZUELA ,MASCULINO
73,,HONDURAS,MASCULINO
74,13 AÑOS ,VENEZUELA ,MASCULINO 
75,13 AÑOS ,VENEZUELA ,MASCULINO
76,12 AÑOS ,COLOMBIANA,FEMENINO 
77,08 AÑOS ,VENEZUELA,MASCULINO 
78,31 AÑOS ,VENEZUELA,FEMENINO
79,36 AÑOS ,HONDURAS ,FEMENINO
80,9 AÑOS,VENEZUELA,FEMENINO
81,8 AÑOS ,VENEZUELA ,FEMENINO 
82,35 AÑOS ,VENEZUELA ,FEMENINO 
83,26 AÑOS ,COLOMBIANA,FEMENINO
84,27 AÑOS ,VENEZUELA ,MASCULINO 
85,38 AÑOS ,ANGOLA ,FEMENINO
86,52 AÑOS ,NIGERIA ,MASCULINO 
87,33,Hondureña,Hombre
88,33,Haitiana,Hombre
89,40,Haitiana,Hombre
90,59 AÑOS ,HONDURAS ,MASCULINO
91,23 AÑOS ,HAITIANA ,MASCULINO 
92,57,Cubana,Hombre
93,7 AÑOS ,MEXICANA ,MASCULINO 
94,11 AÑOS ,VENEZUELA ,FEMENINO
95,10 MESES,,FEMENINO
96,7,Guayanesa,Hombre
97,24 AÑOS ,HAITIANA ,FEMENINO
98,36,Haitiana,Mujer
99,4,Chilena,Hombre
100,41,Haitiana,Hombre
101,27,Haitiana,Mujer
102,14 AÑOS ,COLOMBIANA,MASCULINO 
103,12 AÑOS ,HONDURAS,FEMENINO 
104,49 AÑOS ,GHANA ,MASCULINO LGBTQ+
105,,HAITIANA ,MASCULINO 
106,24,Hondureña,Hombre
107,6,Hondureña,Mujer
108,4,Hondureña,Mujer
109,28,Hondureña,Hombre
110,31 AÑOS ,REPUBLICA DEL CONGO,FEMENINO
111,3,Salvadoreña,Mujer
112,36,Salvadoreña,Hombre
113,5,Hondureña,Hombre
114,11 AÑOS ,VENEZUELA ,FEMENINO 
115,17 AÑOS ,VENEZUELA ,MASCULINO 
116,32,Hondureña,Hombre
117,44,Hondureña,Hombre
118,17,Hondureña,Hombre
119,14,Hondureña,Hombre
120,26 AÑOS ,Cubana,FEMENINO 
121,42 AÑOS ,REPUBLICA DEL TOGO ,FEMENINO 
122,1 AÑO  ,MEXICANA ,FEMENINO
123,40,Haitiana,Hombre
124,49 AÑOS ,HAITIANA ,MASCULINO 
125,38,Haitiana,Hombre
126,57 AÑOS ,HONDURAS ,FEMENINO 
127,52 AÑOS ,CUBANA ,FEMENINO 
128,33 AÑOS ,VENEZUELA,FEMENINO 
129,0,Haitiana,Hombre
130,36,Haitiana,Hombre
131,51 AÑOS ,HAITIANA ,FEMENINO 
132,32 AÑOS ,Haitiana,MASCULINO
133,32 AÑOS,HONDURAS,MASCULINO
134,47 AÑOS ,HAITIANA ,MASCULINO 
135,25,Haitiana,Hombre
136,57,Venezolana,Hombre
137,27,Venezolana,Hombre
138,45,,Hombre
139,31 AÑOS ,Guatemalteca,MASCULINO
140,28 AÑOS ,Guatemalteca,MASCULINO
141,41 AÑOS ,GUATEMALA ,FEMENINO 
142,21 años ,NICARAGUA ,MASCULINO 
143,42 AÑOS ,Venezolana,FEMENINO 
144,25 AÑOS ,NICARAGUA ,MASCULINO 
145,2 AÑOS ,HONDURAS ,MASCULINO
146,15 AÑOS ,VENEZUELA ,MASCULINO
147,46 AÑOS ,VENEZUELA ,FEMENINO
148,7 AÑOS ,HONDURAS ,MASCULINO
149,6 AÑOS ,COLOMBIANA,FEMENINO
150,30 AÑOS ,Haitiana,MASCULINO 
151,38,Hondureña,Hombre
152,30,Hondureña,Mujer
153,37 AÑOS ,HONDURAS ,MASCULINO 
154,3 AÑOS ,HONDURAS ,FEMENINO 
155,13 AÑOS ,HONDURAS ,MASCULINO 
156,26,Hondureña,Hombre
157,3,Hondureña,Hombre
158,33 AÑOS ,HONDURAS ,MASCULINO 
159,42,Haitiana,Hombre
160,47,Cubana,Hombre
161,26,Hondureña,Hombre
162,6,Hondureña,Mujer
163,19,Hondureña,Mujer
164,32,Hondureña,Mujer
165,25 AÑOS ,HONDURAS ,FEMENINO 
166,32 AÑOS ,Cubana,FEMENINO 
167,28,Haitiana,Hombre
168,23,Hondureña,Mujer
169,21 años ,HONDURAS ,MASCULINO 
170,13 AÑOS ,GUATEMALA ,MASCULINO 
171,17 AÑOS ,HONDURAS ,MASCULINO 
172,30 AÑOS ,COLOMBIANA,MASCULINO 
173,12 AÑOS ,COLOMBIANA,MASCULINO 
174,16 AÑOS ,COLOMBIANA,MASCULINO 
175,37 AÑOS ,GUATEMALA ,FEMENINO
176,27 AÑOS ,Hondureña,MASCULINO
177,60,Cubana,Hombre
178,43 AÑOS ,HONDUREÑA ,MASCULINO 
179,18,Hondureña,Mujer
180,20,Hondureña,Mujer
181,12,Hondureña,Mujer
182,36,Hondureña,Hombre
183,29 AÑOS ,Hondureña,MASCULINO 
184,52 AÑOS ,HAITIANA ,MASCULINO 
185,25,Haitiana,Mujer
186,20 AÑOS ,NICARAGUA ,FEMENINO 
187,32,Hondureña,Mujer
188,37 AÑOS ,COLOMBIANA,MASCULINO 
189,31 AÑOS ,ANGOLA ,FEMENINO 
190,39,Haitiana,Hombre
191,7 AÑOS ,COLOMBIANA,FEMENINO
192,36,Haitiana,Hombre
193,33 AÑOS ,VENEZUELA ,MASCULINO 
194,10,Venezolana,Mujer
195,42,Venezolana,Hombre
196,32 AÑOS,HONDURAS ,FEMENINO
197,19 AÑOS,HONDURAS ,FEMENINO
198,43,Venezolana,Mujer
199,1 AÑO ,MEXICANA ,MASCULINO 
200,27 AÑOS ,HONDURAS,MASCULINO
201,38 AÑOS ,HONDURAS,FEMENINO
202,4 AÑOS ,HONDURAS ,FEMENINO
203,24 AÑOS ,Cubana,MASCULINO
204,49 AÑOS ,Cubana,FEMENINO 
205,47 AÑOS ,COLOMBIANA,FEMENINO
206,25 AÑOS ,VENEZOLANA ,FEMENINO 
207,47,Haitiana,Hombre
208,16 AÑOS,VENEZUELA,MASCULINO
209,39 AÑOS ,HONDURAS ,MASCULINO 
210,5 AÑOS ,HONDURAS ,MASCULINO
211,8 AÑOS ,HONDURAS ,FEMENINO
212,26 AÑOS ,HAITIANA ,FEMENINO
213,3 AÑOS ,VENEZUELA ,MASCULINO
214,5 AÑOS ,VENEZUELA ,FEMENINO
215,42 AÑOS ,CUBANA ,MASCULINO 
216,4 AÑOS ,EL SALVADOR ,MASCULINO 
217,19 AÑOS ,VENEZUELA ,FEMENINO
218,3 años ,HONDURAS,MASCULINO 
219,37,Cubana,Mujer
220,4 AÑOS ,CUBANA,FEMENINO
221,35,Cubana,Mujer
222,48,Haitiana,Hombre
223,,HAITIANA ,MASCULINO
224,40,Haitiana,Hombre
225,42 AÑOS ,HAITIANA ,FEMENINO 
226,36,Haitiana,Mujer
227,,HAITIANA ,FEMENINO
228,34 AÑOS ,HAITIANA ,MASCULINO 
229,34 AÑOS ,HONDURAS ,MASCULINO 
230,27,Hondureña,Mujer
231,6 AÑOS ,VENEZUELA ,MASCULINO 
232,12,Haitiana,Mujer
233,38,Haitiana,Hombre
234,36,Haitiana,Mujer
235,33,Haitiana,Hombre
236,6,Chilena,Mujer
237,30,Haitiana,Hombre
238,24,Haitiana,Hombre
239,26,Haitiana,Mujer
240,26 AÑOS ,HAITIANA ,FEMENINO 
241,18 AÑOS ,HONDURAS ,FEMENINO 
242,45 AÑOS ,COLOMBIANA,FEMENINO 
243,33 AÑOS ,HAITIANA ,MASCULINO 
244,6 MESES ,MEXICANA ,MASCULINO 
245,41,Haitiana,Mujer
246,28,Haitiana,Mujer
247,32,Haitiana,Hombre
248,6,Chilena,Hombre
249,25 AÑOS ,,MASCULINO 
250,44 AÑOS ,NICARAGUA ,FEMENINO 
251,28,Haitiana,Hombre
252,35,Haitiana,Hombre
253,27 AÑOS ,GUATEMALA ,MASCULINO
254,27,Haitiana,Hombre
255,41,Haitiana,Hombre
256,51,Haitiana,Hombre
257,48 AÑOS ,VENEZUELA ,MASCULINO 
258,44 AÑOS ,HAITIANA ,MASCULINO
259,32 AÑOS ,COLOMBIANA,MASCULINO
260,43 AÑOS ,VENEZUELA,MASCULINO
261,7 AÑOS ,GUATEMALA ,MASCULINO 
262,27 AÑOS ,HONDURAS ,MASCULINO 
263,40 AÑOS ,VENEZUELA ,MASCULINO
264,37,Haitiana,Hombre
265,35 AÑOS ,VENEZUELA,MASCULINO 
266,20 AÑOS ,VENEZUELA ,FEMENINO 
267,9 AÑOS ,ANGOLA ,MASCULINO 
268,2 AÑOS ,PERU,MASCULINO 
269,3 AÑOS ,COLOMBIANA,FEMENINO
270,25 AÑOS ,GUATEMALA ,MASCULINO 
271,34 AÑOS ,HAITIANA ,FEMENINO 
272,30 AÑOS ,EL SALVADOR ,MASCULINO 
273,1 AÑO,MEXICANA ,FEMENINO 
274,40 AÑOS ,HAITIANA ,MASCULINO 
275,2 AÑOS ,MEXICANA ,FEMENINO
276,39 AÑOS ,CUBANA ,MASCULINO 
277,8 AÑOS ,HONDURAS ,MASCULINO 
278,30 AÑOS ,CUBANA,FEMENINO
279,20 AÑOS ,VENEZUELA ,MASCULINO 
280,41 AÑOS ,VENEZOLANA ,MASCULINO 
281,,HONDURAS,FEMENINO
282,14 AÑOS,CUBANA,MASCULINO
283,57,,Mujer
284,11 MESES,ECUADOR ,MASCULINO
285,23 AÑOS ,VENEZUELA ,FEMENINO 
286,38 AÑOS ,GUATEMALA ,FEMENINO
287,38 AÑOS ,HONDURAS ,MASCULINO
288,22 AÑOS ,ECUADOR ,MASCULINO 
289,36,Hondureña,Mujer
290,23,Hondureña,Hombre
291,2,Hondureña,Mujer
292,25 AÑOS ,VENEZUELA ,FEMENINO
293,37,Hondureña,Hombre
294,38,Haitiana,Mujer
295,43 AÑOS ,VENEZUELA,MASCULINO 
296,35 AÑOS ,VENEZUELA ,FEMENINO
297,24 AÑOS ,HONDURAS ,FEMENINO
298,29 AÑOS ,VENEZUELA ,MASCULINO
299,7 AÑOS ,HAITIANA ,FEMENINO 
300,35 AÑOS ,HAITIANA ,MASCULINO 
301,34,Haitiana,Mujer
302,6 AÑOS ,EL SALVADOR ,MASCULINO 
303,1 AÑO ,HONDURAS ,MASCULINO 
304,15 AÑOS ,VENEZUELA ,FEMENINO
305,31,Haitiana,Mujer
306,37 AÑOS ,COLOMBIANA,MASCULINO 
307,10 AÑOS ,SUDAFRICA ,FEMENINO 
308,73 años ,NICARAGUA ,FEMENINO 
309,49 AÑOS ,COLOMBIANA,MASCULINO 
310,38 AÑOS ,Cubana,FEMENINO 
311,37,Haitiana,Hombre
312,45 AÑOS ,Cubana,MASCULINO
313,50 AÑOS ,CUBANA,MASCULINO
314,54,Cubana,Mujer
315,12 AÑOS ,HONDURAS ,MASCULINO 
316,9 AÑOS ,GUATEMALA ,MASCULINO 
317,45 AÑOS ,HONDURAS ,MASCULINO 
318,43,Haitiana,Mujer
319,35 AÑOS ,HAITIANA ,MASCULINO 
320,24 AOS ,VENEZUELA ,MASCULINO 
321,38 AÑOS ,VENEZUELA ,MASCULINO
322,28 AÑOS ,MEXICANA ,MASCULINO 
323,32 AÑOS ,HAITIANA ,FEMENINO
324,35 AÑOS ,HONDURAS ,MASCULINO 
325,18 AÑOS ,HONDURAS ,MASCULINO
326,37,Haitiana,Hombre
327,38,Hondureña,Hombre
328,2 AÑOS ,CHILENA ,FEMENINO 
329,47,Haitiana,Hombre
330,3,Brasileña,Hombre
331,48,Hondureña,Hombre
332,29,Hondureña,Mujer
333,32 AÑOS ,Colombiana,MASCULINO
334,35 AÑOS ,VENEZUELA ,MASCULINO
335,15,Hondureña,Hombre
336,17 AÑOS ,HONDUREÑA ,MASCULINO 
337,43 AÑOS ,HONDUREÑA ,FEMENINO 
338,55,Cubana,Hombre
339,6 AÑOS ,ANGOLA ,MASCULINO 
340,25,Peruana,Mujer
341,12,Haitiana,Hombre
342,29,Haitiana,Hombre
343,6,Haitiana,Mujer
344,23,Haitiana,Mujer
345,40 AÑOS ,HAITIANA ,MASCULINO 
346,8 AÑOS ,HONDURAS ,MASCULINO
347,.,HONDURAS ,FEMENINO
348,33 AÑOS ,HONDURAS ,MASCULINO 
349,37 AÑOS ,COLOMBIANA,MASCULINO 
350,39 AÑOS ,HONDURAS,MASCULINO 
351,2 AÑOS ,HONDURAS ,MASCULINO 
352,31 AÑOS ,HAITIANA ,MASCULINO
353,23 AÑOS ,COLOMBIANA,MASCULINO
354,46,Salvadoreña,Hombre
355,31,Hondureña,Mujer
356,38 AÑOS ,ECUADOR ,FEMENINO 
357,43 AÑOS ,SUDAFRICA ,FEMENINO 
358,56,Cubana,Mujer
359,21,Hondureña,Hombre
360,34,Venezolana,Mujer
361,21,Hondureña,Hombre
362,50,Venezolana,Mujer
363,44 AÑOS ,HONDURAS ,FEMENINO
364,16 AÑOS,HONDURAS ,FEMENINO 
365,20 AÑOS ,EL SALVADOR ,FEMENINO
366,38 AÑOS ,VENEZUELA ,LGBTQ+
367,34,Cubana,Hombre
368,,HONDUREÑA ,FEMENINO 
369,38,Cubana,Hombre
370,25,Hondureña,Mujer
371,2 AÑOS ,VENEZUELA ,FEMENINO
372,21,Chadiana,Hombre
373,21 AÑOS ,CHADIANA AFRICA CENTRAL ,MASCULINO 
374,33 AÑOS ,GUATEMALA ,MASCULINO 
375,42 AÑOS ,NICARAGUA,MASCULINO
376,28 AÑOS ,VENEZUELA ,MASCULINO 
377,1 AÑOS Y 2 MES,HONDURAS ,FEMENINO
378,17,Hondureña,Hombre
379,14,Hondureña,Hombre
380,9,Hondureña,Hombre
381,41 AÑOS ,VENEZUELA ,MASCULINO 
382,34 AÑOS ,EL SALVADOR,MASCULINO 
383,3,Hondureña,Mujer
384,8,Hondureña,Mujer
385,25,Cubana,Hombre
386,29,Hondureña,Hombre
387,38 AÑOS ,Venezolana,FEMENINO 
388,56 AÑOS ,CUBANA,MASCULINO
389,7 AÑOS ,VENEZUELA ,MASCULINO 
390,51 años ,HAITIANA ,MASCULINO 
391,15 AÑOS ,HONDURAS ,FEMENINO
392,8 AÑOS ,HONDURAS ,MASCULINO
393,2 años ,BRASILEÑO ,MASCULINO 
394,32 AÑOS ,VENEZUELA ,FEMENINO 
395,27 AÑOS ,HONDURAS ,MASCULINO 
396,40 AÑOS ,COLOMBIANA,MASCULINO 
397,25 AÑOS ,HONDURAS ,MASCULINO
398,23 AÑOS ,HONDURAS ,MASCULINO
399,,HAITIANA ,MASCULINO
400,32 AÑOS ,HAITIANA ,MASCULINO 
401,38 AÑOS ,COLOMBIANA,MASCULINO 
402,26 AÑOS ,HONDURAS ,MASCULINO
403,42,Haitiana,
404,35 AÑOS ,HAITIANA ,MASCULINO 
405,38 AÑOS ,HAITIANA ,MASCULINO
406,37 AÑOS ,HAITIANA ,MASCULINO 
407,29 AÑOS ,HAITIANA ,MASCULINO 
408,45,Haitiana,Mujer
409,.,HONDURAS ,FEMENINO
410,35 AÑOS ,HONDURAS ,FEMENINO
411,11 AÑOS ,HONDURAS ,FEMENINO
412,,HONDURAS,MASCULINO
413,58,Cubana,Hombre
414,32 AÑOS ,ECUADOR ,FEMENINO
415,17 AÑOS ,COLOMBIANA,MASCULINO
416,12 AÑOS  ,GUATEMALA ,FEMENINO
417,41 AÑOS ,VENEZUELA ,MASCULINO
418,8 AÑOS ,VENEZUELA ,MASCULINO 
419,26 AÑOS ,VENEZUELA ,MASCULINO 
420,30,Haitiana,Hombre
421,2,Trinidad and Tobago,Hombre
422,28 AÑOS ,HONDURAS ,LGBTQ+
423,12 años ,COLOMBIANA,MASCULINO 
424,32 AÑOS,HAITIANA ,MASCULINO
425,56 AÑOS ,COLOMBIANA,MASCULINO
426,2 AÑOS ,BRASILEÑO ,MASCULINO 
427,15 AÑOS ,VENEZUELA ,MASCULINO
428,7 AÑOS ,CHILENA ,MASCULINO 
429,27 AÑOS ,VENEZUELA ,MASCULINO 
430,29 AÑOS ,COLOMBIANA,LGBTQ+
431,21 AÑOS ,HONDURAS,FEMENINO
432,47 AÑOS ,COLOMBIANA,MASCULINO 
433,39 años ,HAITIANA ,MASCULINO
434,31 AÑOS ,ECUADOR ,MASCULINO 
435,32 AÑOS ,VENEZUELA ,MASCULINO
436,39 AÑOS ,COLOMBIANA,MASCULINO 
437,23 AÑOS ,GUATEMALA ,MASCULINO 
438,48 AÑOS,HONDURAS,MASCULINO
439,34 AÑOS  ,COLOMBIANA,MASCULINO 
440,45 AÑOS ,VENEZUELA ,MASCULINO 
441,34 AÑOS  ,HONDURAS ,MASCULINO 
442,51,,Mujer
443,38 AÑOS ,HONDURAS ,MASCULINO 
444,36 AÑOS ,MEXICANA ,MASCULINO 
445,25 AÑOS ,VENEZUELA ,MASCULINO
446,9 AÑOS ,GUATEMALA ,MASCULINO 
447,30 años ,EL SALVADOR,MASCULINO 
448,47 AÑOS ,EL SALVADOR ,MASCULINO 
449,44 AÑOS ,VENEZUELA ,MASCULINO 
450,1 AÑO ,MEXICANA ,MASCULINO 
451,37 AÑOS ,COLOMBIANA,MASCULINO 
452,26 AÑOS ,HONDUREÑA ,MASCULINO 
453,39 AÑOS ,VENEZUELA ,MASCULINO 
454,14 AÑOS,HONDURAS ,MASCULINO 
455,34 AÑOS ,CUBANA,MASCULINO 
456,5 AÑOS ,CHILENO,MASCULINO
457,2,Chilena,Mujer
458,6,Chilena,Mujer
459,49,Haitiana,Hombre
460,38,Haitiana,Hombre
461,28 AÑOS ,HAITIANA ,MASCULINO 
462,,HAITIANA ,MASCULINO
463,20 AÑOS ,VENEZUELA ,MASCULINO 
464,32 AÑOS ,HONDURAS ,MASCULINO 
465,36 AÑOS ,GUATEMALA ,MASCULINO
466,32 AÑOS ,VENEZUELA ,MASCULINO
467,42 AÑOS,HONDURAS ,MASCULINO 
468,41 AÑOS ,COLOMBIANA,MASCULINO 
469,35 AÑOS ,HONDURAS ,MASCULINO
470,33 años ,HONDURAS ,MASCULINO 
471,31 AÑOS ,COLOMBIANA,MASCULINO 
472,20,Hondureña,Mujer
473,45 AÑOS ,HONDURAS ,FEMENINO 
474,39,Haitiana,Hombre
475,5,Chilena,Mujer
476,3,Chilena,Hombre
477,37 AÑOS ,HAITIANA ,FEMENINO 
478,38 AÑOS ,VENEZUELA ,MASCULINO 
479,45,Haitiana,Hombre
480,38 AÑOS ,Peruana,FEMENINO 
481,19 AÑOS ,HONDURAS,FEMENINO 
482,.,HONDURAS ,FEMENINO
483,,HONDURAS,FEMENINO
484,20 AÑOS ,VENEZUELA ,FEMENINO 
485,31 AÑOS ,VENEZUELA ,FEMENINO
486,1 AÑO ,VENEZUELA ,FEMENINO 
487,,HAITIANA ,FEMENINO
488,24 AÑOS ,HAITIANA ,MASCULINO
489,10 AÑOS ,ECUADOR ,MASCULINO
490,27 años ,EL SALVADOR,MASCULINO 
491,10 AÑOS ,EL SALVADOR ,MASCULINO 
492,21 AÑOS ,HONDURAS ,MASCULINO 
493,22 AÑOS ,Cubana,FEMENINO 
494,12,Cubana,Hombre
495,63,Cubana,
496,25,Hondureña,Mujer
497,48 AÑOS ,HONDUREÑA ,MASCULINO 
498,43 AÑOS ,Cubana,MASCULINO
499,36 AÑOS ,HAITIANA ,MASCULINO 
500,27 AÑOS ,VENEZUELA ,FEMENINO 
501,26 AÑOS ,COLOMBIANA,FEMENINO
502,25,Cubana,Hombre
503,54 AÑOS ,CUBANA,MASCULINO
504,32 AÑOS,VENEZUELA,MASCULINO 
505,35 AÑOS ,GUATEMALA ,FEMENINO 
506,39 AÑOS ,HONDURAS ,FEMENINO
507,44 AÑOS ,HAITIANA ,FEMENINO
508,,HAITIANA ,MASCULINO
509,41 AÑOS ,CUBANA,FEMENINO
510,27 AÑOS ,VENEZUELA ,LGBTQ+
511,6 AÑOS ,BRASILEÑO ,MASCULINO 
512,2 AÑOS ,HONDURAS,MASCULINO
513,43 AÑOS ,VENEZUELA,FEMENINO
514,47 AÑOS ,HONDURAS ,FEMENINO 
515,40 AÑOS ,VENEZUELA ,FEMENINO
516,38 AÑOS ,VENEZUELA ,FEMENINO 
517,,HONDURAS,FEMENINO
518,31 AÑOS ,HAITIANA ,FEMENINO
519,21 AÑOS ,COLOMBIANA,FEMENINO
520,1 AÑO ,COLOMBIANA,FEMENINO
521,12 AÑOS ,HONDURAS ,FEMENINO 
522,41 AÑOS ,Hondureña,MASCULINO
523,24,Hondureña,Hombre
524,26,Cubana,Hombre
525,27,Hondureña,Hombre
526,27 AÑOS ,Hondureña,FEMENINO 
527,42,Hondureña,Hombre
528,4 AÑOS ,HONDURAS,FEMENINO
529,5,Chilena,Hombre
530,35,Haitiana,Hombre
531,25,Haitiana,Mujer
532,25 AÑOS ,HAITIANA ,FEMENINO
533,41,Haitiana,Hombre
534,32,Haitiana,Mujer
535,7 AÑOS ,VENEZUELA,FEMENINO
536,5 AÑOS ,VENEZUELA,MASCULINO
537,24 AÑOS ,HONDURAS ,FEMENINO
538,31 AÑOS ,GUATEMALA ,MASCULINO 
539,23 AÑOS ,VENEZUELA ,MASCULINO 
540,28 AÑOS ,VENEZUELA ,MASCULINO 
541,36 AÑOS ,COLOMBIANA,MASCULINO 
542,44 AÑOS ,COLOMBIANA,MASCULINO 
543,25 AÑOS ,VENEZUELA ,MASCULINO 
544,18 AÑOS ,GUATEMALA ,MASCULINO 
545,18 AÑOS ,GUATEMALA ,MASCULINO
546,60 AÑOS ,HONDURAS ,MASCULINO 
547,38 AÑOS ,EL SALVADOR,MASCULINO
548,3 AÑOS ,MEXICANA ,MASCULINO 
549,27 AÑOS ,ECUADOR ,MASCULINO
550,28 años ,COLOMBIANA,FEMENINO 
551,40,Haitiana,Hombre
552,20,Venezolana,Hombre
553,36 AÑOS ,VENEZUELA ,FEMENINO
554,32,Hondureña,Mujer
555,,HAITIANA ,MASCULINO 
556,28 AÑOS ,EL SALVADOR,FEMENINO 
557,4,Hondureña,Mujer
558,8,Hondureña,Hombre
559,40,Hondureña,Hombre
560,19 AÑOS ,MEXICANA ,FEMENINO
561,46,Haitiana,Hombre
562,46 AÑOS ,HONDURAS ,MASCULINO 
563,34,Hondureña,Hombre
564,2,Hondureña,Hombre
565,39 AÑOS ,HAITIANA ,MASCULINO 
566,38 AÑOS ,VENEZUELA ,MASCULINO
567,40 AÑOS ,HONDURAS,FEMENINO 
568,28 AÑOS ,COLOMBIANA,FEMENINO
569,54 AÑOS ,COLOMBIANA,FEMENINO
570,34 AÑOS ,EL SALVADOR ,FEMENINO
571,25 AÑOS ,HONDURAS ,FEMENINO 
572,28 AÑOS ,HONDURAS,FEMENINO
573,14 años ,HONDURAS,FEMENINO 
574,19 AÑOS ,VENEZUELA ,FEMENINO
575,45 AÑOS ,HONDURAS ,FEMENINO
576,39 AÑOS ,MEXICANA ,FEMENINO 
577,9 AÑOS ,COLOMBIANA,FEMENINO
578,18 AÑOS ,VENEZUELA,FEMENINO 
579,36 AÑOS ,HONDURAS ,FEMENINO
580,44 AÑOS ,HONDURAS ,FEMENINO 
581,43 AÑOS ,HAITIANA ,FEMENINO
582,48 AÑOS ,Venezolana,MASCULINO
583,28 AÑOS ,HONDURAS,FEMENINO
584,45 AÑOS ,HONDURAS ,MASCULINO 
585,38 AÑOS ,EE.UU,FEMENINO 
586,49 AÑOS ,HONDURAS ,FEMENINO 
587,21 AÑOS ,Hondureña,FEMENINO 
588,1,Hondureña,Hombre
589,25,Hondureña,Hombre
590,51,Salvadoreña,Mujer
591,25 AÑOS ,VENEZUELA ,FEMENINO
592,4,Hondureña,Mujer
593,63,Venezolana,Hombre
594,42 AÑOS ,Hondureña,FEMENINO 
595,44,Hondureña,Mujer
596,31 AÑOS ,HONDURAS ,MASCULINO
597,67 AÑOS ,MEXICANA ,MASCULINO 
598,53 AÑOS ,VENEZUELA ,FEMENINO 
599,11 AÑOS ,VENEZUELA ,FEMENINO
600,31,Haitiana,Mujer
601,2 AÑOS ,COLOMBIANA,MASCULINO
602,8 AÑOS ,HONDURAS ,FEMENINO
603,37 AÑOS ,Hondureña,FEMENINO 
604,15 AÑOS ,EL SALVADOR ,MASCULINO 
605,34 AÑOS ,HONDURAS ,FEMENINO
606,1,Brasileña,Hombre
607,37,Haitiana,Mujer
608,,HAITIANA ,MASCULINO
609,26 AÑOS ,HONDURAS ,MASCULINO 
610,34,Haitiana,Hombre
611,54,Cubana,Mujer
612,46,Hondureña,Hombre
613,1,Hondureña,Mujer
614,8,Hondureña,Mujer
615,34,Hondureña,Hombre
616,35,Hondureña,Hombre
617,33 AÑOS ,Hondureña,FEMENINO 
618,5 AÑOS ,COLOMBIANA,FEMENINO 
619,59,Hondureña,Mujer
620,38,Haitiana,Hombre
621,6,Brasileña,Mujer
622,4,Brasileña,Hombre
623,12,Haitiana,Mujer
624,36 AÑOS ,Haitiana,MASCULINO
625,22 AÑOS ,EL SALVADOR ,MASCULINO 
626,22,Hondureña,Mujer
627,31,Hondureña,Mujer
628,29,Hondureña,Hombre
629,48 AÑOS ,VENEZOLANA ,FEMENINO 
630,29 AÑOS ,COLOMBIANA,MASCULINO 
631,44,Haitiana,Hombre
632,2,Brasileña,Mujer
633,6,Brasileña,Mujer
634,,HAITIANA ,FEMENINO
635,0 AÑOS ,HONDURAS ,FEMENINO 
636,10 AÑOS ,HONDURAS ,FEMENINO 
637,27 AÑOS ,Venezolana,MASCULINO 
638,33,Haitiana,Hombre
639,48 AÑOS,CUBANA,MASCULINO
640,15 AÑOS ,VENEZUELA,FEMENINO
641,46 AÑOS ,HONDURAS,MASCULINO 
642,27 AÑOS ,HONDURAS ,MASCULINO
643,12 AÑOS ,COLOMBIANA,MASCULINO
644,56 AÑOS ,ANGOLA ,MASCULINO 
645,0.3 AÑOS ,MEXICANA ,MASCULINO 
646,35 AÑOS ,VENEZUELA ,FEMENINO 
647,29 años ,GUATEMALA ,FEMENINO 
648,35 AÑOS ,HAITIANA ,FEMENINO 
649,37 AÑOS ,HONDUREÑA ,MASCULINO 
650,24 AÑOS ,COLOMBIANA,MASCULINO
651,24 AÑOS ,HONDURAS,MASCULINO 
652,46 AÑOS ,HAITIANA ,FEMENINO
653,43 AÑOS ,Haitiana,FEMENINO 
654,29 AÑOS ,Hondureña,MASCULINO
655,38 AÑOS ,HAITIANA ,FEMENINO 
656,34,Hondureña,Mujer
657,39 AÑOS ,CUBANA,MASCULINO
658,39,Cubana,Hombre
659,52 AÑOS ,Cubana,FEMENINO 
660,35 AÑOS ,HONDURAS ,FEMENINO 
661,12 AÑOS ,HONDURAS ,FEMENINO 
662,9 AÑOS ,HONDURAS ,FEMENINO 
663,37 AÑOS ,Peruana,MASCULINO
664,19,Hondureña,Mujer
665,44 AÑOS ,HONDURAS,MASCULINO 
666,35 AÑOS ,VENEZUELA ,FEMENINO
667,46 AÑOS ,Cubana,MASCULINO 
668,14 AÑOS ,HONDURAS ,FEMENINO
669,7,Hondureña,Mujer
670,43,Haitiana,Mujer
671,24 AÑOS ,VENEZUELA ,LGBTQ+
672,31 AÑOS ,HAITIANA ,MASCULINO 
673,24 AÑOS ,HONDURAS ,MASCULINO 
674,6 AÑOS ,HAITIANA ,MASCULINO 
675,28,Haitiana,Hombre
676,53 AÑOS ,GUATEMALA ,MASCULINO LGBTQ+
677,60,Haitiana,Hombre
678,14,Haitiana,Mujer
679,,HAITIANA ,FEMENINO
680,21 AÑOS ,VENEZUELA ,FEMENINO
681,30 AÑOS ,GUATEMALA ,FEMENINO
682,8 años ,BENIN ,FEMENINO
683,59,Hondureña,Hombre
684,12 AÑOS ,SUDAFRICA ,FEMENINO 
685,37 AÑOS ,HAITIANA ,FEMENINO
686,63 AÑOS ,HONDURAS,MASCULINO 
687,19,Hondureña,Mujer
688,16,Hondureña,Mujer
689,29,Hondureña,Mujer
690,14 AÑOS ,COLOMBIANA,FEMENINO
691,59 AÑOS ,HONDURAS,MASCULINO 
692,28 AÑOS ,Haitiana,MASCULINO 
693,38 AÑOS ,Hondureña,MASCULINO
694,24 AÑOS ,Venezolana,FEMENINO 
695,38,Hondureña,Mujer
696,27 AÑOS ,HONDURAS ,MASCULINO
697,58 AÑOS ,Ecuatoriana,FEMENINO 
698,36,Salvadoreña,Mujer
699,34,Hondureña,Mujer
700,43,Hondureña,Hombre
701,32 AÑOS ,Peruana,FEMENINO 
702,33 AÑOS ,Venezolana,MASCULINO
703,54 AÑOS ,VENEZUELA ,MASCULINO 
704,34 AÑOS,EL SALVADOR ,FEMENINO
705,31 AÑOS ,HAITIANA ,MASCULINO
706,32 AÑOS ,HAITIANA ,MASCULINO
707,52 años ,EL SALVADOR ,MASCULINO 
708,29 AÑOS ,HAITIANA ,FEMENINO 
709,36 AÑOS ,Cubana,MASCULINO
710,5,Hondureña,Hombre
711,10,Hondureña,Hombre
712,50 AÑOS ,EL SALVADOR ,MASCULINO 
713,25,Cubana,Mujer
714,37,Hondureña,Mujer
715,30,Hondureña,Hombre
716,27,Haitiana,Hombre
717,52,Haitiana,Hombre
718,37 AÑOS ,HAITIANA ,MASCULINO
719,33 AÑOS ,Haitiana,MASCULINO
720,42,Haitiana,Hombre
721,36,Haitiana,Hombre
722,38,Haitiana,Hombre
723,28,Haitiana,Mujer
724,37,Haitiana,Mujer
725,36 AÑOS ,COLOMBIANA,FEMENINO
726,24,Hondureña,Hombre
727,25,Hondureña,Mujer
728,5,Hondureña,Mujer
729,2,Hondureña,Mujer
730,3,Hondureña,Mujer
731,33,Hondureña,Mujer
732,14,Hondureña,Hombre
733,40 AÑOS ,Peruana,MASCULINO
734,8,Hondureña,Mujer
735,12,Hondureña,Mujer
736,6,Hondureña,Hombre
737,40,Hondureña,Hombre
738,18,Hondureña,Mujer
739,3,Hondureña,Hombre
740,5 AÑOS ,COLOMBIANA,MASCULINO 
741,35 AÑOS ,HONDURAS ,FEMENINO 
742,39,Hondureña,Mujer
743,25,Hondureña,Mujer
744,62 AÑOS ,HAITIANA ,MASCULINO 
745,26 AÑOS ,BENIN ,MASCULINO 
746,37 AÑOS ,HONDURAS ,FEMENINO
747,16,Hondureña,Hombre
748,35 AÑOS ,GUATEMALA ,MASCULINO 
749,38 AÑOS ,Cubana,MASCULINO
750,41 AÑOS ,COSTA RICA ,MASCULINO
751,38 AÑOS,COLOMBIANA,MASCULINO 
752,53 AÑOS ,CUBANA ,MASCULINO 
753,23 AÑOS ,CUBANA ,MASCULINO 
754,26 AÑOS ,CUBANA ,FEMENINO 
755,42 AÑOS ,EE.UU,MASCULINO 
756,32,Hondureña,Mujer
757,18 AÑOS ,HONDURAS ,MASCULINO 
758,29 AÑOS ,Hondureña,MASCULINO
759,37,Hondureña,Hombre
760,18,Haitiana,Hombre
761,18 AÑOS ,HAITIANA ,MASCULINO 
762,48,Haitiana,Hombre
763,48 años ,HAITIANA ,MASCULINO 
764,39,Haitiana,Mujer
765,39 AÑOS ,HAITIANA ,FEMENINO
766,11 AÑOS ,HAITIANA ,MASCULINO
767,13,Haitiana,Hombre
768,5 AÑOS ,HAITIANA ,FEMENINO
769,5,Brasileña,Mujer
770,15 AÑOS ,HAITIANA ,FEMENINO
771,15,Haitiana,Mujer
772,36 AÑOS ,CUBANA,MASCULINO
773,28 AÑOS ,VENEZUELA ,FEMENINO
774,17,Haitiana,Mujer
775,30 AÑOS ,Haitiana,MASCULINO 
776,46,Hondureña,Mujer
777,35,Haitiana,Hombre
778,44 años ,VENEZUELA ,MASCULINO 
779,33 AÑOS ,HONDURAS ,MASCULINO
780,52,Hondureña,Mujer
781,33 AÑOS ,COLOMBIANA,MASCULINO 
782,55,Cubana,Hombre
783,30 AÑOS ,HONDURAS ,FEMENINO 
784,35 AÑOS ,Colombiana,MASCULINO
785,3,Hondureña,Hombre
786,29,Cubana,Hombre
787,23,Hondureña,Hombre
788,31 AÑOS ,NICARAGUA ,MASCULINO 
789,2 AÑOS ,CHILENA ,FEMENINO 
790,6,Hondureña,Hombre
791,30,Hondureña,Mujer
792,36,Haitiana,Mujer
793,,HAITIANA ,FEMENINO
794,31,Haitiana,Mujer
795,50,Haitiana,Mujer
796,26 AÑOS ,GHANA ,FEMENINO 
797,54 AÑOS ,HAITIANA ,MASCULINO
798,34,Hondureña,Hombre
799,21,Hondureña,Hombre
800,44,Haitiana,Mujer
801,24 AÑOS ,COLOMBIANA,MASCULINO
802,9 AÑOS ,COLOMBIANA,MASCULINO
803,4 MESES ,VENEZUELA ,MASCULINO 
804,8 AÑOS ,COLOMBIANA,MASCULINO
805,41,Hondureña,Mujer
806,33,Hondureña,Hombre
807,26 AÑOS ,Venezolana,MASCULINO
808,26,Hondureña,Mujer
809,10,Hondureña,Hombre
810,58 AÑOS ,HONDURAS ,MASCULINO 
811,57 AÑOS ,Cubana,MASCULINO
812,26 AÑOS ,COLOMBIANA,MASCULINO 
813,34 AÑOS ,HONDURAS ,MASCULINO
814,38 AÑOS ,HONDURAS ,MASCULINO 
815,31 AÑOS ,HONDURAS ,MASCULINO 
816,42 AÑOS ,HONDURAS ,MASCULINO 
817,23,Hondureña,
818,35,Haitiana,Mujer
819,33 AÑOS ,COLOMBIANA,FEMENINO
820,17 AÑOS ,COLOMBIANA,FEMENINO
821,5,Hondureña,Mujer
822,45 AÑOS ,HAITIANA ,MASCULINO 
823,41 AÑOS ,VENEZUELA ,FEMENINO
824,35,Haitiana,Hombre
825,27,Haitiana,Hombre
826,33 AÑOS ,VENEZUELA ,MASCULINO 
827,12 AÑOS ,HONDURAS ,FEMENINO
828,46 AÑOS,HONDURAS ,FEMENINO
829,33 AÑOS ,HONDURAS ,FEMENINO 
830,7,Hondureña,Hombre
831,14,Hondureña,Hombre
832,31,Hondureña,Hombre
833,24 AÑOS ,Cubana,MASCULINO 
834,42 AÑOS ,GHANA ,MASCULINO 
835,36 AÑOS ,HAITIANA ,MASCULINO 
836,29,Haitiana,Mujer
837,31,Haitiana,Mujer
838,26,Hondureña,Hombre
839,36 AÑOS ,HAITIANA ,FEMENINO 
840,51,Cubana,Mujer
841,35 años ,COLOMBIANA,MASCULINO 
842,29,Haitiana,Hombre
843,38,Haitiana,Mujer
844,32 AÑOS,CAMERUNESA ,MASCULINO
845,26,Hondureña,
846,29 AÑOS ,Cubana,FEMENINO 
847,21 AÑOS ,Hondureña,MASCULINO 
848,38,Cubana,Mujer
849,45 AÑOS ,HONDUREÑA ,MASCULINO 
850,5,Hondureña,Mujer
851,0,Mexicana,
852,,HAITIANA ,FEMENINO
853,12 AÑOS ,VENEZUELA,MASCULINO 
854,48 AÑOS ,VENEZUELA,FEMENINO 
855,40,Hondureña,Hombre
856,41,Cubana,Hombre
857,1 AÑO Y 10 MES,HONDURAS ,FEMENINO
858,29 AÑOS ,HAITIANA ,FEMENINO 
859,17,Salvadoreña,Hombre
860,31 AÑOS ,VENEZUELA ,FEMENINO
861,3,Peruana,Hombre
862,37,Peruana,Hombre
863,42,Dominicana,Hombre
864,36 AÑOS ,Colombiana,MASCULINO 
865,51,Cubana,Mujer
866,54,Venezolana,Hombre
867,23,Venezolana,Hombre
868,35 AÑOS ,Venezolana,FEMENINO 
869,18 AÑOS ,HAITIANA ,FEMENINO
870,27,Haitiana,Mujer
871,41 AÑOS ,HONDURAS ,MASCULINO 
872,79 AÑOS ,EL SALVADOR,MASCULINO 
873,35 AÑOS ,HONDURAS,MASCULINO 
874,18 AÑOS ,VENEZUELA,FEMENINO
875,6 MESES ,EE.UU,MASCULINO 
876,32 AÑOS ,EL SALVADOR,FEMENINO 
877,56 AÑOS ,VENEZUELA ,MASCULINO 
878,35 AÑOS ,COLOMBIANA,MASCULINO 
879,34 AÑOS ,HONDURAS ,MASCULINO 
880,7 AÑOS ,VENEZUELA,MASCULINO
881,46 AÑOS ,HONDURAS ,MASCULINO 
882,35 AÑOS ,HAITIANA ,MASCULINO 
883,33 AÑOS ,HONDURAS ,MASCULINO 
884,24 AÑOS ,Haitiana,MASCULINO
885,36 AÑOS ,BENIN ,FEMENINO
886,28 AÑOS ,HONDURAS ,MASCULINO
887,38 AÑOS ,VENEZUELA ,FEMENINO
888,25 AÑOS ,COLOMBIANA,LGBTQ+
889,25 AÑOS ,HONDURAS ,FEMENINO 
890,11 AÑOS ,HONDURAS ,FEMENINO
891,39 AÑOS ,VENEZUELA,FEMENINO
892,4 años ,MEXICANA ,FEMENINO 
893,21 AÑOS ,VENEZUELA,MASCULINO 
894,,CUBANA,FEMENINO
895,10 AÑOS ,COLOMBIANA,MASCULINO 
896,26 AÑOS ,VENEZUELA,MASCULINO 
897,13 AÑOS ,VENEZUELA,FEMENINO 
898,14 AÑOS ,HONDURAS ,FEMENINO
899,38 AÑOS ,CUBANA ,FEMENINO 
900,48 AÑOS ,VENEZUELA ,FEMENINO
901,15 AÑOS ,COLOMBIANA,MASCULINO 
902,27 AÑOS ,HAITIANA ,MASCULINO 
903,6 AÑOS ,ECUADOR ,MASCULINO
904,38,Hondureña,Mujer
905,27,Hondureña,Mujer
906,25 AÑOS ,EL SALVADOR ,FEMENINO 
